﻿<?xml version="1.0" encoding="utf-8"?>
<?xml-stylesheet type="text/xsl" href="c:\program files (x86)\microsoft visual studio 14.0\team tools\static analysis tools\fxcop\Xml\CodeAnalysisReport.xsl"?>
<FxCopReport Version="14.0">
 <Targets>
  <Target Name="C:\Users\Thaodv\AppData\Local\Temp\tmpDBDB.tmp.cadir\bin\App_Web_c0fpriee.dll">
   <Modules>
    <Module Name="app_web_c0fpriee.dll">
     <Namespaces>
      <Namespace Name="">
       <Types>
        <Type Name="_Default" Kind="Class" Accessibility="Public" ExternallyVisible="True">
         <Members>
          <Member Name="#VisitorCounter()" Kind="Method" Static="False" Accessibility="Private" ExternallyVisible="False">
           <Messages>
            <Message TypeName="Do not dispose objects multiple times" Category="Microsoft.Usage" CheckId="CA2202" Status="Active" Created="2016-07-11 01:00:45Z" FixCategory="DependsOnFix">
             <Issue Certainty="75" Level="Warning" Path="e:\Projects\Other\XN MAY LANG GIANG\LggSource\LGG\lggvn" File="Search.aspx.cs" Line="373">Object 'tr' can be disposed more than once in method '_Default.VisitorCounter()'. To avoid generating a System.ObjectDisposedException you should not call Dispose more than one time on an object.: Lines: 373</Issue>
             <Issue Certainty="75" Level="Warning" Path="e:\Projects\Other\XN MAY LANG GIANG\LggSource\LGG\lggvn" File="Search.aspx.cs" Line="383">Object 'tw' can be disposed more than once in method '_Default.VisitorCounter()'. To avoid generating a System.ObjectDisposedException you should not call Dispose more than one time on an object.: Lines: 383</Issue>
            </Message>
           </Messages>
          </Member>
         </Members>
        </Type>
       </Types>
      </Namespace>
     </Namespaces>
    </Module>
   </Modules>
  </Target>
  <Target Name="C:\Users\Thaodv\AppData\Local\Temp\tmpDBDB.tmp.cadir\bin\App_Web_nzr1mzya.dll">
   <Modules>
    <Module Name="app_web_nzr1mzya.dll">
     <Namespaces>
      <Namespace Name="">
       <Types>
        <Type Name="_Default" Kind="Class" Accessibility="Public" ExternallyVisible="True">
         <Members>
          <Member Name="#VisitorCounter()" Kind="Method" Static="False" Accessibility="Private" ExternallyVisible="False">
           <Messages>
            <Message TypeName="Do not dispose objects multiple times" Category="Microsoft.Usage" CheckId="CA2202" Status="Active" Created="2016-07-11 01:00:45Z" FixCategory="DependsOnFix">
             <Issue Certainty="75" Level="Warning" Path="e:\Projects\Other\XN MAY LANG GIANG\LggSource\LGG\lggvn" File="Default.aspx.cs" Line="316">Object 'tr' can be disposed more than once in method '_Default.VisitorCounter()'. To avoid generating a System.ObjectDisposedException you should not call Dispose more than one time on an object.: Lines: 316</Issue>
             <Issue Certainty="75" Level="Warning" Path="e:\Projects\Other\XN MAY LANG GIANG\LggSource\LGG\lggvn" File="Default.aspx.cs" Line="326">Object 'tw' can be disposed more than once in method '_Default.VisitorCounter()'. To avoid generating a System.ObjectDisposedException you should not call Dispose more than one time on an object.: Lines: 326</Issue>
            </Message>
           </Messages>
          </Member>
         </Members>
        </Type>
       </Types>
      </Namespace>
     </Namespaces>
    </Module>
   </Modules>
  </Target>
 </Targets>
 <Rules>
  <Rule TypeName="Do not dispose objects multiple times" Category="Microsoft.Usage" CheckId="CA2202">
   <Name>Do not dispose objects multiple times</Name>
   <Description>A correctly implemented Dispose method can be called multiple times without throwing an exception. However, this is not guaranteed and to avoid generating a System.ObjectDisposedException you should not call Dispose more than one time on an object.</Description>
   <Resolution Name="Default">Object {0} can be disposed more than once in method {1}. To avoid generating a System.ObjectDisposedException you should not call Dispose more than one time on an object.: Lines: 383</Resolution>
   <Owner>RuleOwner</Owner>
   <Url>http://msdn.microsoft.com/library/ms182334.aspx</Url>
   <Email />
   <MessageLevel Certainty="75">Warning</MessageLevel>
   <File Name="dataflowrules.dll" Version="14.0.0.0" />
  </Rule>
 </Rules>
 <Localized>
  <String Key="Category">Category</String>
  <String Key="Certainty">Certainty</String>
  <String Key="CollapseAll">Collapse All</String>
  <String Key="CheckId">Check Id</String>
  <String Key="Error">Error</String>
  <String Key="Errors">error(s)</String>
  <String Key="ExpandAll">Expand All</String>
  <String Key="Help">Help</String>
  <String Key="Line">Line</String>
  <String Key="Messages">message(s)</String>
  <String Key="LocationNotStoredInPdb">[Location not stored in Pdb]</String>
  <String Key="Project">Project</String>
  <String Key="Resolution">Resolution</String>
  <String Key="Rule">Rule</String>
  <String Key="RuleFile">Rule File</String>
  <String Key="RuleDescription">Rule Description</String>
  <String Key="Source">Source</String>
  <String Key="Status">Status</String>
  <String Key="Target">Target</String>
  <String Key="Warning">Warning</String>
  <String Key="Warnings">warning(s)</String>
  <String Key="ReportTitle">Code Analysis Report</String>
 </Localized>
</FxCopReport>
